OID_,Id,latitude,longitude
1,0,39.2770004,-105.7720032
2,0,39.2770004,-105.7409973
3,0,39.2770004,-105.7099991
4,0,39.2770004,-105.6790009
5,0,39.2770004,-105.6480026
6,0,39.2770004,-105.6169968
7,0,39.2770004,-105.5859985
8,0,39.2770004,-105.5550003
9,0,39.2770004,-105.5240021
10,0,39.2770004,-105.4929962
11,0,39.2770004,-105.4619980
12,0,39.2770004,-105.4319992
13,0,39.2770004,-105.4010010
14,0,39.2770004,-105.3700027
15,0,39.2770004,-105.3389969
16,0,39.2770004,-105.3079987
17,0,39.2770004,-105.2770004
18,0,39.2770004,-105.2460022
19,0,39.2770004,-105.2149963
20,0,39.2770004,-105.1839981
21,0,39.2770004,-105.1529999
22,0,39.2770004,-105.1220016
23,0,39.2770004,-105.0910034
24,0,39.2770004,-105.0599976
25,0,39.2770004,-105.0289993
26,0,39.2770004,-104.9990005
27,0,39.2770004,-104.9680023
28,0,39.2770004,-104.9369965
29,0,39.2770004,-104.9059982
30,0,39.2770004,-104.8750000
31,0,39.2770004,-104.8440018
32,0,39.2770004,-104.8130035
33,0,39.2770004,-104.7819977
34,0,39.2770004,-104.7509995
35,0,39.2770004,-104.7200012
36,0,39.2770004,-104.6890030
37,0,39.2770004,-104.6579971
38,0,39.2770004,-104.6269989
39,0,39.2770004,-104.5970001
40,0,39.2770004,-104.5660019
41,0,39.2770004,-104.5350037
42,0,39.2770004,-104.5039978
43,0,39.2770004,-104.4729996
44,0,39.2770004,-104.4420013
45,0,39.2770004,-104.4110031
46,0,39.2770004,-104.3799973
47,0,39.2770004,-104.3489990
48,0,39.2770004,-104.3180008
49,0,39.3078995,-105.7720032
50,0,39.3078995,-105.7409973
51,0,39.3078995,-105.7099991
52,0,39.3078995,-105.6790009
53,0,39.3078995,-105.6480026
54,0,39.3078995,-105.6169968
55,0,39.3078995,-105.5859985
56,0,39.3078995,-105.5550003
57,0,39.3078995,-105.5240021
58,0,39.3078995,-105.4929962
59,0,39.3078995,-105.4619980
60,0,39.3078995,-105.4319992
61,0,39.3078995,-105.4010010
62,0,39.3078995,-105.3700027
63,0,39.3078995,-105.3389969
64,0,39.3078995,-105.3079987
65,0,39.3078995,-105.2770004
66,0,39.3078995,-105.2460022
67,0,39.3078995,-105.2149963
68,0,39.3078995,-105.1839981
69,0,39.3078995,-105.1529999
70,0,39.3078995,-105.1220016
71,0,39.3078995,-105.0910034
72,0,39.3078995,-105.0599976
73,0,39.3078995,-105.0289993
74,0,39.3078995,-104.9990005
75,0,39.3078995,-104.9680023
76,0,39.3078995,-104.9369965
77,0,39.3078995,-104.9059982
78,0,39.3078995,-104.8750000
79,0,39.3078995,-104.8440018
80,0,39.3078995,-104.8130035
81,0,39.3078995,-104.7819977
82,0,39.3078995,-104.7509995
83,0,39.3078995,-104.7200012
84,0,39.3078995,-104.6890030
85,0,39.3078995,-104.6579971
86,0,39.3078995,-104.6269989
87,0,39.3078995,-104.5970001
88,0,39.3078995,-104.5660019
89,0,39.3078995,-104.5350037
90,0,39.3078995,-104.5039978
91,0,39.3078995,-104.4729996
92,0,39.3078995,-104.4420013
93,0,39.3078995,-104.4110031
94,0,39.3078995,-104.3799973
95,0,39.3078995,-104.3489990
96,0,39.3078995,-104.3180008
97,0,39.3387985,-105.7720032
98,0,39.3387985,-105.7409973
99,0,39.3387985,-105.7099991
100,0,39.3387985,-105.6790009
101,0,39.3387985,-105.6480026
102,0,39.3387985,-105.6169968
103,0,39.3387985,-105.5859985
104,0,39.3387985,-105.5550003
105,0,39.3387985,-105.5240021
106,0,39.3387985,-105.4929962
107,0,39.3387985,-105.4619980
108,0,39.3387985,-105.4319992
109,0,39.3387985,-105.4010010
110,0,39.3387985,-105.3700027
111,0,39.3387985,-105.3389969
112,0,39.3387985,-105.3079987
113,0,39.3387985,-105.2770004
114,0,39.3387985,-105.2460022
115,0,39.3387985,-105.2149963
116,0,39.3387985,-105.1839981
117,0,39.3387985,-105.1529999
118,0,39.3387985,-105.1220016
119,0,39.3387985,-105.0910034
120,0,39.3387985,-105.0599976
121,0,39.3387985,-105.0289993
122,0,39.3387985,-104.9990005
123,0,39.3387985,-104.9680023
124,0,39.3387985,-104.9369965
125,0,39.3387985,-104.9059982
126,0,39.3387985,-104.8750000
127,0,39.3387985,-104.8440018
128,0,39.3387985,-104.8130035
129,0,39.3387985,-104.7819977
130,0,39.3387985,-104.7509995
131,0,39.3387985,-104.7200012
132,0,39.3387985,-104.6890030
133,0,39.3387985,-104.6579971
134,0,39.3387985,-104.6269989
135,0,39.3387985,-104.5970001
136,0,39.3387985,-104.5660019
137,0,39.3387985,-104.5350037
138,0,39.3387985,-104.5039978
139,0,39.3387985,-104.4729996
140,0,39.3387985,-104.4420013
141,0,39.3387985,-104.4110031
142,0,39.3387985,-104.3799973
143,0,39.3387985,-104.3489990
144,0,39.3387985,-104.3180008
145,0,39.3697014,-105.7720032
146,0,39.3697014,-105.7409973
147,0,39.3697014,-105.7099991
148,0,39.3697014,-105.6790009
149,0,39.3697014,-105.6480026
150,0,39.3697014,-105.6169968
151,0,39.3697014,-105.5859985
152,0,39.3697014,-105.5550003
153,0,39.3697014,-105.5240021
154,0,39.3697014,-105.4929962
155,0,39.3697014,-105.4619980
156,0,39.3697014,-105.4319992
157,0,39.3697014,-105.4010010
158,0,39.3697014,-105.3700027
159,0,39.3697014,-105.3389969
160,0,39.3697014,-105.3079987
161,0,39.3697014,-105.2770004
162,0,39.3697014,-105.2460022
163,0,39.3697014,-105.2149963
164,0,39.3697014,-105.1839981
165,0,39.3697014,-105.1529999
166,0,39.3697014,-105.1220016
167,0,39.3697014,-105.0910034
168,0,39.3697014,-105.0599976
169,0,39.3697014,-105.0289993
170,0,39.3697014,-104.9990005
171,0,39.3697014,-104.9680023
172,0,39.3697014,-104.9369965
173,0,39.3697014,-104.9059982
174,0,39.3697014,-104.8750000
175,0,39.3697014,-104.8440018
176,0,39.3697014,-104.8130035
177,0,39.3697014,-104.7819977
178,0,39.3697014,-104.7509995
179,0,39.3697014,-104.7200012
180,0,39.3697014,-104.6890030
181,0,39.3697014,-104.6579971
182,0,39.3697014,-104.6269989
183,0,39.3697014,-104.5970001
184,0,39.3697014,-104.5660019
185,0,39.3697014,-104.5350037
186,0,39.3697014,-104.5039978
187,0,39.3697014,-104.4729996
188,0,39.3697014,-104.4420013
189,0,39.3697014,-104.4110031
190,0,39.3697014,-104.3799973
191,0,39.3697014,-104.3489990
192,0,39.3697014,-104.3180008
193,0,39.4006996,-105.7720032
194,0,39.4006996,-105.7409973
195,0,39.4006996,-105.7099991
196,0,39.4006996,-105.6790009
197,0,39.4006996,-105.6480026
198,0,39.4006996,-105.6169968
199,0,39.4006996,-105.5859985
200,0,39.4006996,-105.5550003
201,0,39.4006996,-105.5240021
202,0,39.4006996,-105.4929962
203,0,39.4006996,-105.4619980
204,0,39.4006996,-105.4319992
205,0,39.4006996,-105.4010010
206,0,39.4006996,-105.3700027
207,0,39.4006996,-105.3389969
208,0,39.4006996,-105.3079987
209,0,39.4006996,-105.2770004
210,0,39.4006996,-105.2460022
211,0,39.4006996,-105.2149963
212,0,39.4006996,-105.1839981
213,0,39.4006996,-105.1529999
214,0,39.4006996,-105.1220016
215,0,39.4006996,-105.0910034
216,0,39.4006996,-105.0599976
217,0,39.4006996,-105.0289993
218,0,39.4006996,-104.9990005
219,0,39.4006996,-104.9680023
220,0,39.4006996,-104.9369965
221,0,39.4006996,-104.9059982
222,0,39.4006996,-104.8750000
223,0,39.4006996,-104.8440018
224,0,39.4006996,-104.8130035
225,0,39.4006996,-104.7819977
226,0,39.4006996,-104.7509995
227,0,39.4006996,-104.7200012
228,0,39.4006996,-104.6890030
229,0,39.4006996,-104.6579971
230,0,39.4006996,-104.6269989
231,0,39.4006996,-104.5970001
232,0,39.4006996,-104.5660019
233,0,39.4006996,-104.5350037
234,0,39.4006996,-104.5039978
235,0,39.4006996,-104.4729996
236,0,39.4006996,-104.4420013
237,0,39.4006996,-104.4110031
238,0,39.4006996,-104.3799973
239,0,39.4006996,-104.3489990
240,0,39.4006996,-104.3180008
241,0,39.4315987,-105.7720032
242,0,39.4315987,-105.7409973
243,0,39.4315987,-105.7099991
244,0,39.4315987,-105.6790009
245,0,39.4315987,-105.6480026
246,0,39.4315987,-105.6169968
247,0,39.4315987,-105.5859985
248,0,39.4315987,-105.5550003
249,0,39.4315987,-105.5240021
250,0,39.4315987,-105.4929962
251,0,39.4315987,-105.4619980
252,0,39.4315987,-105.4319992
253,0,39.4315987,-105.4010010
254,0,39.4315987,-105.3700027
255,0,39.4315987,-105.3389969
256,0,39.4315987,-105.3079987
257,0,39.4315987,-105.2770004
258,0,39.4315987,-105.2460022
259,0,39.4315987,-105.2149963
260,0,39.4315987,-105.1839981
261,0,39.4315987,-105.1529999
262,0,39.4315987,-105.1220016
263,0,39.4315987,-105.0910034
264,0,39.4315987,-105.0599976
265,0,39.4315987,-105.0289993
266,0,39.4315987,-104.9990005
267,0,39.4315987,-104.9680023
268,0,39.4315987,-104.9369965
269,0,39.4315987,-104.9059982
270,0,39.4315987,-104.8750000
271,0,39.4315987,-104.8440018
272,0,39.4315987,-104.8130035
273,0,39.4315987,-104.7819977
274,0,39.4315987,-104.7509995
275,0,39.4315987,-104.7200012
276,0,39.4315987,-104.6890030
277,0,39.4315987,-104.6579971
278,0,39.4315987,-104.6269989
279,0,39.4315987,-104.5970001
280,0,39.4315987,-104.5660019
281,0,39.4315987,-104.5350037
282,0,39.4315987,-104.5039978
283,0,39.4315987,-104.4729996
284,0,39.4315987,-104.4420013
285,0,39.4315987,-104.4110031
286,0,39.4315987,-104.3799973
287,0,39.4315987,-104.3489990
288,0,39.4315987,-104.3180008
289,0,39.4625015,-105.7720032
290,0,39.4625015,-105.7409973
291,0,39.4625015,-105.7099991
292,0,39.4625015,-105.6790009
293,0,39.4625015,-105.6480026
294,0,39.4625015,-105.6169968
295,0,39.4625015,-105.5859985
296,0,39.4625015,-105.5550003
297,0,39.4625015,-105.5240021
298,0,39.4625015,-105.4929962
299,0,39.4625015,-105.4619980
300,0,39.4625015,-105.4319992
301,0,39.4625015,-105.4010010
302,0,39.4625015,-105.3700027
303,0,39.4625015,-105.3389969
304,0,39.4625015,-105.3079987
305,0,39.4625015,-105.2770004
306,0,39.4625015,-105.2460022
307,0,39.4625015,-105.2149963
308,0,39.4625015,-105.1839981
309,0,39.4625015,-105.1529999
310,0,39.4625015,-105.1220016
311,0,39.4625015,-105.0910034
312,0,39.4625015,-105.0599976
313,0,39.4625015,-105.0289993
314,0,39.4625015,-104.9990005
315,0,39.4625015,-104.9680023
316,0,39.4625015,-104.9369965
317,0,39.4625015,-104.9059982
318,0,39.4625015,-104.8750000
319,0,39.4625015,-104.8440018
320,0,39.4625015,-104.8130035
321,0,39.4625015,-104.7819977
322,0,39.4625015,-104.7509995
323,0,39.4625015,-104.7200012
324,0,39.4625015,-104.6890030
325,0,39.4625015,-104.6579971
326,0,39.4625015,-104.6269989
327,0,39.4625015,-104.5970001
328,0,39.4625015,-104.5660019
329,0,39.4625015,-104.5350037
330,0,39.4625015,-104.5039978
331,0,39.4625015,-104.4729996
332,0,39.4625015,-104.4420013
333,0,39.4625015,-104.4110031
334,0,39.4625015,-104.3799973
335,0,39.4625015,-104.3489990
336,0,39.4625015,-104.3180008
337,0,39.4934998,-105.7720032
338,0,39.4934998,-105.7409973
339,0,39.4934998,-105.7099991
340,0,39.4934998,-105.6790009
341,0,39.4934998,-105.6480026
342,0,39.4934998,-105.6169968
343,0,39.4934998,-105.5859985
344,0,39.4934998,-105.5550003
345,0,39.4934998,-105.5240021
346,0,39.4934998,-105.4929962
347,0,39.4934998,-105.4619980
348,0,39.4934998,-105.4319992
349,0,39.4934998,-105.4010010
350,0,39.4934998,-105.3700027
351,0,39.4934998,-105.3389969
352,0,39.4934998,-105.3079987
353,0,39.4934998,-105.2770004
354,0,39.4934998,-105.2460022
355,0,39.4934998,-105.2149963
356,0,39.4934998,-105.1839981
357,0,39.4934998,-105.1529999
358,0,39.4934998,-105.1220016
359,0,39.4934998,-105.0910034
360,0,39.4934998,-105.0599976
361,0,39.4934998,-105.0289993
362,0,39.4934998,-104.9990005
363,0,39.4934998,-104.9680023
364,0,39.4934998,-104.9369965
365,0,39.4934998,-104.9059982
366,0,39.4934998,-104.8750000
367,0,39.4934998,-104.8440018
368,0,39.4934998,-104.8130035
369,0,39.4934998,-104.7819977
370,0,39.4934998,-104.7509995
371,0,39.4934998,-104.7200012
372,0,39.4934998,-104.6890030
373,0,39.4934998,-104.6579971
374,0,39.4934998,-104.6269989
375,0,39.4934998,-104.5970001
376,0,39.4934998,-104.5660019
377,0,39.4934998,-104.5350037
378,0,39.4934998,-104.5039978
379,0,39.4934998,-104.4729996
380,0,39.4934998,-104.4420013
381,0,39.4934998,-104.4110031
382,0,39.4934998,-104.3799973
383,0,39.4934998,-104.3489990
384,0,39.4934998,-104.3180008
385,0,39.5243988,-105.7720032
386,0,39.5243988,-105.7409973
387,0,39.5243988,-105.7099991
388,0,39.5243988,-105.6790009
389,0,39.5243988,-105.6480026
390,0,39.5243988,-105.6169968
391,0,39.5243988,-105.5859985
392,0,39.5243988,-105.5550003
393,0,39.5243988,-105.5240021
394,0,39.5243988,-105.4929962
395,0,39.5243988,-105.4619980
396,0,39.5243988,-105.4319992
397,0,39.5243988,-105.4010010
398,0,39.5243988,-105.3700027
399,0,39.5243988,-105.3389969
400,0,39.5243988,-105.3079987
401,0,39.5243988,-105.2770004
402,0,39.5243988,-105.2460022
403,0,39.5243988,-105.2149963
404,0,39.5243988,-105.1839981
405,0,39.5243988,-105.1529999
406,0,39.5243988,-105.1220016
407,0,39.5243988,-105.0910034
408,0,39.5243988,-105.0599976
409,0,39.5243988,-105.0289993
410,0,39.5243988,-104.9990005
411,0,39.5243988,-104.9680023
412,0,39.5243988,-104.9369965
413,0,39.5243988,-104.9059982
414,0,39.5243988,-104.8750000
415,0,39.5243988,-104.8440018
416,0,39.5243988,-104.8130035
417,0,39.5243988,-104.7819977
418,0,39.5243988,-104.7509995
419,0,39.5243988,-104.7200012
420,0,39.5243988,-104.6890030
421,0,39.5243988,-104.6579971
422,0,39.5243988,-104.6269989
423,0,39.5243988,-104.5970001
424,0,39.5243988,-104.5660019
425,0,39.5243988,-104.5350037
426,0,39.5243988,-104.5039978
427,0,39.5243988,-104.4729996
428,0,39.5243988,-104.4420013
429,0,39.5243988,-104.4110031
430,0,39.5243988,-104.3799973
431,0,39.5243988,-104.3489990
432,0,39.5243988,-104.3180008
433,0,39.5553017,-105.7720032
434,0,39.5553017,-105.7409973
435,0,39.5553017,-105.7099991
436,0,39.5553017,-105.6790009
437,0,39.5553017,-105.6480026
438,0,39.5553017,-105.6169968
439,0,39.5553017,-105.5859985
440,0,39.5553017,-105.5550003
441,0,39.5553017,-105.5240021
442,0,39.5553017,-105.4929962
443,0,39.5553017,-105.4619980
444,0,39.5553017,-105.4319992
445,0,39.5553017,-105.4010010
446,0,39.5553017,-105.3700027
447,0,39.5553017,-105.3389969
448,0,39.5553017,-105.3079987
449,0,39.5553017,-105.2770004
450,0,39.5553017,-105.2460022
451,0,39.5553017,-105.2149963
452,0,39.5553017,-105.1839981
453,0,39.5553017,-105.1529999
454,0,39.5553017,-105.1220016
455,0,39.5553017,-105.0910034
456,0,39.5553017,-105.0599976
457,0,39.5553017,-105.0289993
458,0,39.5553017,-104.9990005
459,0,39.5553017,-104.9680023
460,0,39.5553017,-104.9369965
461,0,39.5553017,-104.9059982
462,0,39.5553017,-104.8750000
463,0,39.5553017,-104.8440018
464,0,39.5553017,-104.8130035
465,0,39.5553017,-104.7819977
466,0,39.5553017,-104.7509995
467,0,39.5553017,-104.7200012
468,0,39.5553017,-104.6890030
469,0,39.5553017,-104.6579971
470,0,39.5553017,-104.6269989
471,0,39.5553017,-104.5970001
472,0,39.5553017,-104.5660019
473,0,39.5553017,-104.5350037
474,0,39.5553017,-104.5039978
475,0,39.5553017,-104.4729996
476,0,39.5553017,-104.4420013
477,0,39.5553017,-104.4110031
478,0,39.5553017,-104.3799973
479,0,39.5553017,-104.3489990
480,0,39.5553017,-104.3180008
481,0,39.5862007,-105.7720032
482,0,39.5862007,-105.7409973
483,0,39.5862007,-105.7099991
484,0,39.5862007,-105.6790009
485,0,39.5862007,-105.6480026
486,0,39.5862007,-105.6169968
487,0,39.5862007,-105.5859985
488,0,39.5862007,-105.5550003
489,0,39.5862007,-105.5240021
490,0,39.5862007,-105.4929962
491,0,39.5862007,-105.4619980
492,0,39.5862007,-105.4319992
493,0,39.5862007,-105.4010010
494,0,39.5862007,-105.3700027
495,0,39.5862007,-105.3389969
496,0,39.5862007,-105.3079987
497,0,39.5862007,-105.2770004
498,0,39.5862007,-105.2460022
499,0,39.5862007,-105.2149963
500,0,39.5862007,-105.1839981
501,0,39.5862007,-105.1529999
502,0,39.5862007,-105.1220016
503,0,39.5862007,-105.0910034
504,0,39.5862007,-105.0599976
505,0,39.5862007,-105.0289993
506,0,39.5862007,-104.9990005
507,0,39.5862007,-104.9680023
508,0,39.5862007,-104.9369965
509,0,39.5862007,-104.9059982
510,0,39.5862007,-104.8750000
511,0,39.5862007,-104.8440018
512,0,39.5862007,-104.8130035
513,0,39.5862007,-104.7819977
514,0,39.5862007,-104.7509995
515,0,39.5862007,-104.7200012
516,0,39.5862007,-104.6890030
517,0,39.5862007,-104.6579971
518,0,39.5862007,-104.6269989
519,0,39.5862007,-104.5970001
520,0,39.5862007,-104.5660019
521,0,39.5862007,-104.5350037
522,0,39.5862007,-104.5039978
523,0,39.5862007,-104.4729996
524,0,39.5862007,-104.4420013
525,0,39.5862007,-104.4110031
526,0,39.5862007,-104.3799973
527,0,39.5862007,-104.3489990
528,0,39.5862007,-104.3180008
529,0,39.6171989,-105.7720032
530,0,39.6171989,-105.7409973
531,0,39.6171989,-105.7099991
532,0,39.6171989,-105.6790009
533,0,39.6171989,-105.6480026
534,0,39.6171989,-105.6169968
535,0,39.6171989,-105.5859985
536,0,39.6171989,-105.5550003
537,0,39.6171989,-105.5240021
538,0,39.6171989,-105.4929962
539,0,39.6171989,-105.4619980
540,0,39.6171989,-105.4319992
541,0,39.6171989,-105.4010010
542,0,39.6171989,-105.3700027
543,0,39.6171989,-105.3389969
544,0,39.6171989,-105.3079987
545,0,39.6171989,-105.2770004
546,0,39.6171989,-105.2460022
547,0,39.6171989,-105.2149963
548,0,39.6171989,-105.1839981
549,0,39.6171989,-105.1529999
550,0,39.6171989,-105.1220016
551,0,39.6171989,-105.0910034
552,0,39.6171989,-105.0599976
553,0,39.6171989,-105.0289993
554,0,39.6171989,-104.9990005
555,0,39.6171989,-104.9680023
556,0,39.6171989,-104.9369965
557,0,39.6171989,-104.9059982
558,0,39.6171989,-104.8750000
559,0,39.6171989,-104.8440018
560,0,39.6171989,-104.8130035
561,0,39.6171989,-104.7819977
562,0,39.6171989,-104.7509995
563,0,39.6171989,-104.7200012
564,0,39.6171989,-104.6890030
565,0,39.6171989,-104.6579971
566,0,39.6171989,-104.6269989
567,0,39.6171989,-104.5970001
568,0,39.6171989,-104.5660019
569,0,39.6171989,-104.5350037
570,0,39.6171989,-104.5039978
571,0,39.6171989,-104.4729996
572,0,39.6171989,-104.4420013
573,0,39.6171989,-104.4110031
574,0,39.6171989,-104.3799973
575,0,39.6171989,-104.3489990
576,0,39.6171989,-104.3180008
577,0,39.6481018,-105.7720032
578,0,39.6481018,-105.7409973
579,0,39.6481018,-105.7099991
580,0,39.6481018,-105.6790009
581,0,39.6481018,-105.6480026
582,0,39.6481018,-105.6169968
583,0,39.6481018,-105.5859985
584,0,39.6481018,-105.5550003
585,0,39.6481018,-105.5240021
586,0,39.6481018,-105.4929962
587,0,39.6481018,-105.4619980
588,0,39.6481018,-105.4319992
589,0,39.6481018,-105.4010010
590,0,39.6481018,-105.3700027
591,0,39.6481018,-105.3389969
592,0,39.6481018,-105.3079987
593,0,39.6481018,-105.2770004
594,0,39.6481018,-105.2460022
595,0,39.6481018,-105.2149963
596,0,39.6481018,-105.1839981
597,0,39.6481018,-105.1529999
598,0,39.6481018,-105.1220016
599,0,39.6481018,-105.0910034
600,0,39.6481018,-105.0599976
601,0,39.6481018,-105.0289993
602,0,39.6481018,-104.9990005
603,0,39.6481018,-104.9680023
604,0,39.6481018,-104.9369965
605,0,39.6481018,-104.9059982
606,0,39.6481018,-104.8750000
607,0,39.6481018,-104.8440018
608,0,39.6481018,-104.8130035
609,0,39.6481018,-104.7819977
610,0,39.6481018,-104.7509995
611,0,39.6481018,-104.7200012
612,0,39.6481018,-104.6890030
613,0,39.6481018,-104.6579971
614,0,39.6481018,-104.6269989
615,0,39.6481018,-104.5970001
616,0,39.6481018,-104.5660019
617,0,39.6481018,-104.5350037
618,0,39.6481018,-104.5039978
619,0,39.6481018,-104.4729996
620,0,39.6481018,-104.4420013
621,0,39.6481018,-104.4110031
622,0,39.6481018,-104.3799973
623,0,39.6481018,-104.3489990
624,0,39.6481018,-104.3180008
625,0,39.6790009,-105.7720032
626,0,39.6790009,-105.7409973
627,0,39.6790009,-105.7099991
628,0,39.6790009,-105.6790009
629,0,39.6790009,-105.6480026
630,0,39.6790009,-105.6169968
631,0,39.6790009,-105.5859985
632,0,39.6790009,-105.5550003
633,0,39.6790009,-105.5240021
634,0,39.6790009,-105.4929962
635,0,39.6790009,-105.4619980
636,0,39.6790009,-105.4319992
637,0,39.6790009,-105.4010010
638,0,39.6790009,-105.3700027
639,0,39.6790009,-105.3389969
640,0,39.6790009,-105.3079987
641,0,39.6790009,-105.2770004
642,0,39.6790009,-105.2460022
643,0,39.6790009,-105.2149963
644,0,39.6790009,-105.1839981
645,0,39.6790009,-105.1529999
646,0,39.6790009,-105.1220016
647,0,39.6790009,-105.0910034
648,0,39.6790009,-105.0599976
649,0,39.6790009,-105.0289993
650,0,39.6790009,-104.9990005
651,0,39.6790009,-104.9680023
652,0,39.6790009,-104.9369965
653,0,39.6790009,-104.9059982
654,0,39.6790009,-104.8750000
655,0,39.6790009,-104.8440018
656,0,39.6790009,-104.8130035
657,0,39.6790009,-104.7819977
658,0,39.6790009,-104.7509995
659,0,39.6790009,-104.7200012
660,0,39.6790009,-104.6890030
661,0,39.6790009,-104.6579971
662,0,39.6790009,-104.6269989
663,0,39.6790009,-104.5970001
664,0,39.6790009,-104.5660019
665,0,39.6790009,-104.5350037
666,0,39.6790009,-104.5039978
667,0,39.6790009,-104.4729996
668,0,39.6790009,-104.4420013
669,0,39.6790009,-104.4110031
670,0,39.6790009,-104.3799973
671,0,39.6790009,-104.3489990
672,0,39.6790009,-104.3180008
673,0,39.7098999,-105.7720032
674,0,39.7098999,-105.7409973
675,0,39.7098999,-105.7099991
676,0,39.7098999,-105.6790009
677,0,39.7098999,-105.6480026
678,0,39.7098999,-105.6169968
679,0,39.7098999,-105.5859985
680,0,39.7098999,-105.5550003
681,0,39.7098999,-105.5240021
682,0,39.7098999,-105.4929962
683,0,39.7098999,-105.4619980
684,0,39.7098999,-105.4319992
685,0,39.7098999,-105.4010010
686,0,39.7098999,-105.3700027
687,0,39.7098999,-105.3389969
688,0,39.7098999,-105.3079987
689,0,39.7098999,-105.2770004
690,0,39.7098999,-105.2460022
691,0,39.7098999,-105.2149963
692,0,39.7098999,-105.1839981
693,0,39.7098999,-105.1529999
694,0,39.7098999,-105.1220016
695,0,39.7098999,-105.0910034
696,0,39.7098999,-105.0599976
697,0,39.7098999,-105.0289993
698,0,39.7098999,-104.9990005
699,0,39.7098999,-104.9680023
700,0,39.7098999,-104.9369965
701,0,39.7098999,-104.9059982
702,0,39.7098999,-104.8750000
703,0,39.7098999,-104.8440018
704,0,39.7098999,-104.8130035
705,0,39.7098999,-104.7819977
706,0,39.7098999,-104.7509995
707,0,39.7098999,-104.7200012
708,0,39.7098999,-104.6890030
709,0,39.7098999,-104.6579971
710,0,39.7098999,-104.6269989
711,0,39.7098999,-104.5970001
712,0,39.7098999,-104.5660019
713,0,39.7098999,-104.5350037
714,0,39.7098999,-104.5039978
715,0,39.7098999,-104.4729996
716,0,39.7098999,-104.4420013
717,0,39.7098999,-104.4110031
718,0,39.7098999,-104.3799973
719,0,39.7098999,-104.3489990
720,0,39.7098999,-104.3180008
721,0,39.7408981,-105.7720032
722,0,39.7408981,-105.7409973
723,0,39.7408981,-105.7099991
724,0,39.7408981,-105.6790009
725,0,39.7408981,-105.6480026
726,0,39.7408981,-105.6169968
727,0,39.7408981,-105.5859985
728,0,39.7408981,-105.5550003
729,0,39.7408981,-105.5240021
730,0,39.7408981,-105.4929962
731,0,39.7408981,-105.4619980
732,0,39.7408981,-105.4319992
733,0,39.7408981,-105.4010010
734,0,39.7408981,-105.3700027
735,0,39.7408981,-105.3389969
736,0,39.7408981,-105.3079987
737,0,39.7408981,-105.2770004
738,0,39.7408981,-105.2460022
739,0,39.7408981,-105.2149963
740,0,39.7408981,-105.1839981
741,0,39.7408981,-105.1529999
742,0,39.7408981,-105.1220016
743,0,39.7408981,-105.0910034
744,0,39.7408981,-105.0599976
745,0,39.7408981,-105.0289993
746,0,39.7408981,-104.9990005
747,0,39.7408981,-104.9680023
748,0,39.7408981,-104.9369965
749,0,39.7408981,-104.9059982
750,0,39.7408981,-104.8750000
751,0,39.7408981,-104.8440018
752,0,39.7408981,-104.8130035
753,0,39.7408981,-104.7819977
754,0,39.7408981,-104.7509995
755,0,39.7408981,-104.7200012
756,0,39.7408981,-104.6890030
757,0,39.7408981,-104.6579971
758,0,39.7408981,-104.6269989
759,0,39.7408981,-104.5970001
760,0,39.7408981,-104.5660019
761,0,39.7408981,-104.5350037
762,0,39.7408981,-104.5039978
763,0,39.7408981,-104.4729996
764,0,39.7408981,-104.4420013
765,0,39.7408981,-104.4110031
766,0,39.7408981,-104.3799973
767,0,39.7408981,-104.3489990
768,0,39.7408981,-104.3180008
769,0,39.7718010,-105.7720032
770,0,39.7718010,-105.7409973
771,0,39.7718010,-105.7099991
772,0,39.7718010,-105.6790009
773,0,39.7718010,-105.6480026
774,0,39.7718010,-105.6169968
775,0,39.7718010,-105.5859985
776,0,39.7718010,-105.5550003
777,0,39.7718010,-105.5240021
778,0,39.7718010,-105.4929962
779,0,39.7718010,-105.4619980
780,0,39.7718010,-105.4319992
781,0,39.7718010,-105.4010010
782,0,39.7718010,-105.3700027
783,0,39.7718010,-105.3389969
784,0,39.7718010,-105.3079987
785,0,39.7718010,-105.2770004
786,0,39.7718010,-105.2460022
787,0,39.7718010,-105.2149963
788,0,39.7718010,-105.1839981
789,0,39.7718010,-105.1529999
790,0,39.7718010,-105.1220016
791,0,39.7718010,-105.0910034
792,0,39.7718010,-105.0599976
793,0,39.7718010,-105.0289993
794,0,39.7718010,-104.9990005
795,0,39.7718010,-104.9680023
796,0,39.7718010,-104.9369965
797,0,39.7718010,-104.9059982
798,0,39.7718010,-104.8750000
799,0,39.7718010,-104.8440018
800,0,39.7718010,-104.8130035
801,0,39.7718010,-104.7819977
802,0,39.7718010,-104.7509995
803,0,39.7718010,-104.7200012
804,0,39.7718010,-104.6890030
805,0,39.7718010,-104.6579971
806,0,39.7718010,-104.6269989
807,0,39.7718010,-104.5970001
808,0,39.7718010,-104.5660019
809,0,39.7718010,-104.5350037
810,0,39.7718010,-104.5039978
811,0,39.7718010,-104.4729996
812,0,39.7718010,-104.4420013
813,0,39.7718010,-104.4110031
814,0,39.7718010,-104.3799973
815,0,39.7718010,-104.3489990
816,0,39.7718010,-104.3180008
817,0,39.8027000,-105.7720032
818,0,39.8027000,-105.7409973
819,0,39.8027000,-105.7099991
820,0,39.8027000,-105.6790009
821,0,39.8027000,-105.6480026
822,0,39.8027000,-105.6169968
823,0,39.8027000,-105.5859985
824,0,39.8027000,-105.5550003
825,0,39.8027000,-105.5240021
826,0,39.8027000,-105.4929962
827,0,39.8027000,-105.4619980
828,0,39.8027000,-105.4319992
829,0,39.8027000,-105.4010010
830,0,39.8027000,-105.3700027
831,0,39.8027000,-105.3389969
832,0,39.8027000,-105.3079987
833,0,39.8027000,-105.2770004
834,0,39.8027000,-105.2460022
835,0,39.8027000,-105.2149963
836,0,39.8027000,-105.1839981
837,0,39.8027000,-105.1529999
838,0,39.8027000,-105.1220016
839,0,39.8027000,-105.0910034
840,0,39.8027000,-105.0599976
841,0,39.8027000,-105.0289993
842,0,39.8027000,-104.9990005
843,0,39.8027000,-104.9680023
844,0,39.8027000,-104.9369965
845,0,39.8027000,-104.9059982
846,0,39.8027000,-104.8750000
847,0,39.8027000,-104.8440018
848,0,39.8027000,-104.8130035
849,0,39.8027000,-104.7819977
850,0,39.8027000,-104.7509995
851,0,39.8027000,-104.7200012
852,0,39.8027000,-104.6890030
853,0,39.8027000,-104.6579971
854,0,39.8027000,-104.6269989
855,0,39.8027000,-104.5970001
856,0,39.8027000,-104.5660019
857,0,39.8027000,-104.5350037
858,0,39.8027000,-104.5039978
859,0,39.8027000,-104.4729996
860,0,39.8027000,-104.4420013
861,0,39.8027000,-104.4110031
862,0,39.8027000,-104.3799973
863,0,39.8027000,-104.3489990
864,0,39.8027000,-104.3180008
865,0,39.8335991,-105.7720032
866,0,39.8335991,-105.7409973
867,0,39.8335991,-105.7099991
868,0,39.8335991,-105.6790009
869,0,39.8335991,-105.6480026
870,0,39.8335991,-105.6169968
871,0,39.8335991,-105.5859985
872,0,39.8335991,-105.5550003
873,0,39.8335991,-105.5240021
874,0,39.8335991,-105.4929962
875,0,39.8335991,-105.4619980
876,0,39.8335991,-105.4319992
877,0,39.8335991,-105.4010010
878,0,39.8335991,-105.3700027
879,0,39.8335991,-105.3389969
880,0,39.8335991,-105.3079987
881,0,39.8335991,-105.2770004
882,0,39.8335991,-105.2460022
883,0,39.8335991,-105.2149963
884,0,39.8335991,-105.1839981
885,0,39.8335991,-105.1529999
886,0,39.8335991,-105.1220016
887,0,39.8335991,-105.0910034
888,0,39.8335991,-105.0599976
889,0,39.8335991,-105.0289993
890,0,39.8335991,-104.9990005
891,0,39.8335991,-104.9680023
892,0,39.8335991,-104.9369965
893,0,39.8335991,-104.9059982
894,0,39.8335991,-104.8750000
895,0,39.8335991,-104.8440018
896,0,39.8335991,-104.8130035
897,0,39.8335991,-104.7819977
898,0,39.8335991,-104.7509995
899,0,39.8335991,-104.7200012
900,0,39.8335991,-104.6890030
901,0,39.8335991,-104.6579971
902,0,39.8335991,-104.6269989
903,0,39.8335991,-104.5970001
904,0,39.8335991,-104.5660019
905,0,39.8335991,-104.5350037
906,0,39.8335991,-104.5039978
907,0,39.8335991,-104.4729996
908,0,39.8335991,-104.4420013
909,0,39.8335991,-104.4110031
910,0,39.8335991,-104.3799973
911,0,39.8335991,-104.3489990
912,0,39.8335991,-104.3180008
913,0,39.8646011,-105.7720032
914,0,39.8646011,-105.7409973
915,0,39.8646011,-105.7099991
916,0,39.8646011,-105.6790009
917,0,39.8646011,-105.6480026
918,0,39.8646011,-105.6169968
919,0,39.8646011,-105.5859985
920,0,39.8646011,-105.5550003
921,0,39.8646011,-105.5240021
922,0,39.8646011,-105.4929962
923,0,39.8646011,-105.4619980
924,0,39.8646011,-105.4319992
925,0,39.8646011,-105.4010010
926,0,39.8646011,-105.3700027
927,0,39.8646011,-105.3389969
928,0,39.8646011,-105.3079987
929,0,39.8646011,-105.2770004
930,0,39.8646011,-105.2460022
931,0,39.8646011,-105.2149963
932,0,39.8646011,-105.1839981
933,0,39.8646011,-105.1529999
934,0,39.8646011,-105.1220016
935,0,39.8646011,-105.0910034
936,0,39.8646011,-105.0599976
937,0,39.8646011,-105.0289993
938,0,39.8646011,-104.9990005
939,0,39.8646011,-104.9680023
940,0,39.8646011,-104.9369965
941,0,39.8646011,-104.9059982
942,0,39.8646011,-104.8750000
943,0,39.8646011,-104.8440018
944,0,39.8646011,-104.8130035
945,0,39.8646011,-104.7819977
946,0,39.8646011,-104.7509995
947,0,39.8646011,-104.7200012
948,0,39.8646011,-104.6890030
949,0,39.8646011,-104.6579971
950,0,39.8646011,-104.6269989
951,0,39.8646011,-104.5970001
952,0,39.8646011,-104.5660019
953,0,39.8646011,-104.5350037
954,0,39.8646011,-104.5039978
955,0,39.8646011,-104.4729996
956,0,39.8646011,-104.4420013
957,0,39.8646011,-104.4110031
958,0,39.8646011,-104.3799973
959,0,39.8646011,-104.3489990
960,0,39.8646011,-104.3180008
961,0,39.8955002,-105.7720032
962,0,39.8955002,-105.7409973
963,0,39.8955002,-105.7099991
964,0,39.8955002,-105.6790009
965,0,39.8955002,-105.6480026
966,0,39.8955002,-105.6169968
967,0,39.8955002,-105.5859985
968,0,39.8955002,-105.5550003
969,0,39.8955002,-105.5240021
970,0,39.8955002,-105.4929962
971,0,39.8955002,-105.4619980
972,0,39.8955002,-105.4319992
973,0,39.8955002,-105.4010010
974,0,39.8955002,-105.3700027
975,0,39.8955002,-105.3389969
976,0,39.8955002,-105.3079987
977,0,39.8955002,-105.2770004
978,0,39.8955002,-105.2460022
979,0,39.8955002,-105.2149963
980,0,39.8955002,-105.1839981
981,0,39.8955002,-105.1529999
982,0,39.8955002,-105.1220016
983,0,39.8955002,-105.0910034
984,0,39.8955002,-105.0599976
985,0,39.8955002,-105.0289993
986,0,39.8955002,-104.9990005
987,0,39.8955002,-104.9680023
988,0,39.8955002,-104.9369965
989,0,39.8955002,-104.9059982
990,0,39.8955002,-104.8750000
991,0,39.8955002,-104.8440018
992,0,39.8955002,-104.8130035
993,0,39.8955002,-104.7819977
994,0,39.8955002,-104.7509995
995,0,39.8955002,-104.7200012
996,0,39.8955002,-104.6890030
997,0,39.8955002,-104.6579971
998,0,39.8955002,-104.6269989
999,0,39.8955002,-104.5970001
1000,0,39.8955002,-104.5660019
1001,0,39.8955002,-104.5350037
1002,0,39.8955002,-104.5039978
1003,0,39.8955002,-104.4729996
1004,0,39.8955002,-104.4420013
1005,0,39.8955002,-104.4110031
1006,0,39.8955002,-104.3799973
1007,0,39.8955002,-104.3489990
1008,0,39.8955002,-104.3180008
1009,0,39.9263992,-105.7720032
1010,0,39.9263992,-105.7409973
1011,0,39.9263992,-105.7099991
1012,0,39.9263992,-105.6790009
1013,0,39.9263992,-105.6480026
1014,0,39.9263992,-105.6169968
1015,0,39.9263992,-105.5859985
1016,0,39.9263992,-105.5550003
1017,0,39.9263992,-105.5240021
1018,0,39.9263992,-105.4929962
1019,0,39.9263992,-105.4619980
1020,0,39.9263992,-105.4319992
1021,0,39.9263992,-105.4010010
1022,0,39.9263992,-105.3700027
1023,0,39.9263992,-105.3389969
1024,0,39.9263992,-105.3079987
1025,0,39.9263992,-105.2770004
1026,0,39.9263992,-105.2460022
1027,0,39.9263992,-105.2149963
1028,0,39.9263992,-105.1839981
1029,0,39.9263992,-105.1529999
1030,0,39.9263992,-105.1220016
1031,0,39.9263992,-105.0910034
1032,0,39.9263992,-105.0599976
1033,0,39.9263992,-105.0289993
1034,0,39.9263992,-104.9990005
1035,0,39.9263992,-104.9680023
1036,0,39.9263992,-104.9369965
1037,0,39.9263992,-104.9059982
1038,0,39.9263992,-104.8750000
1039,0,39.9263992,-104.8440018
1040,0,39.9263992,-104.8130035
1041,0,39.9263992,-104.7819977
1042,0,39.9263992,-104.7509995
1043,0,39.9263992,-104.7200012
1044,0,39.9263992,-104.6890030
1045,0,39.9263992,-104.6579971
1046,0,39.9263992,-104.6269989
1047,0,39.9263992,-104.5970001
1048,0,39.9263992,-104.5660019
1049,0,39.9263992,-104.5350037
1050,0,39.9263992,-104.5039978
1051,0,39.9263992,-104.4729996
1052,0,39.9263992,-104.4420013
1053,0,39.9263992,-104.4110031
1054,0,39.9263992,-104.3799973
1055,0,39.9263992,-104.3489990
1056,0,39.9263992,-104.3180008
1057,0,39.9574013,-105.7720032
1058,0,39.9574013,-105.7409973
1059,0,39.9574013,-105.7099991
1060,0,39.9574013,-105.6790009
1061,0,39.9574013,-105.6480026
1062,0,39.9574013,-105.6169968
1063,0,39.9574013,-105.5859985
1064,0,39.9574013,-105.5550003
1065,0,39.9574013,-105.5240021
1066,0,39.9574013,-105.4929962
1067,0,39.9574013,-105.4619980
1068,0,39.9574013,-105.4319992
1069,0,39.9574013,-105.4010010
1070,0,39.9574013,-105.3700027
1071,0,39.9574013,-105.3389969
1072,0,39.9574013,-105.3079987
1073,0,39.9574013,-105.2770004
1074,0,39.9574013,-105.2460022
1075,0,39.9574013,-105.2149963
1076,0,39.9574013,-105.1839981
1077,0,39.9574013,-105.1529999
1078,0,39.9574013,-105.1220016
1079,0,39.9574013,-105.0910034
1080,0,39.9574013,-105.0599976
1081,0,39.9574013,-105.0289993
1082,0,39.9574013,-104.9990005
1083,0,39.9574013,-104.9680023
1084,0,39.9574013,-104.9369965
1085,0,39.9574013,-104.9059982
1086,0,39.9574013,-104.8750000
1087,0,39.9574013,-104.8440018
1088,0,39.9574013,-104.8130035
1089,0,39.9574013,-104.7819977
1090,0,39.9574013,-104.7509995
1091,0,39.9574013,-104.7200012
1092,0,39.9574013,-104.6890030
1093,0,39.9574013,-104.6579971
1094,0,39.9574013,-104.6269989
1095,0,39.9574013,-104.5970001
1096,0,39.9574013,-104.5660019
1097,0,39.9574013,-104.5350037
1098,0,39.9574013,-104.5039978
1099,0,39.9574013,-104.4729996
1100,0,39.9574013,-104.4420013
1101,0,39.9574013,-104.4110031
1102,0,39.9574013,-104.3799973
1103,0,39.9574013,-104.3489990
1104,0,39.9574013,-104.3180008
1105,0,39.9883003,-105.7720032
1106,0,39.9883003,-105.7409973
1107,0,39.9883003,-105.7099991
1108,0,39.9883003,-105.6790009
1109,0,39.9883003,-105.6480026
1110,0,39.9883003,-105.6169968
1111,0,39.9883003,-105.5859985
1112,0,39.9883003,-105.5550003
1113,0,39.9883003,-105.5240021
1114,0,39.9883003,-105.4929962
1115,0,39.9883003,-105.4619980
1116,0,39.9883003,-105.4319992
1117,0,39.9883003,-105.4010010
1118,0,39.9883003,-105.3700027
1119,0,39.9883003,-105.3389969
1120,0,39.9883003,-105.3079987
1121,0,39.9883003,-105.2770004
1122,0,39.9883003,-105.2460022
1123,0,39.9883003,-105.2149963
1124,0,39.9883003,-105.1839981
1125,0,39.9883003,-105.1529999
1126,0,39.9883003,-105.1220016
1127,0,39.9883003,-105.0910034
1128,0,39.9883003,-105.0599976
1129,0,39.9883003,-105.0289993
1130,0,39.9883003,-104.9990005
1131,0,39.9883003,-104.9680023
1132,0,39.9883003,-104.9369965
1133,0,39.9883003,-104.9059982
1134,0,39.9883003,-104.8750000
1135,0,39.9883003,-104.8440018
1136,0,39.9883003,-104.8130035
1137,0,39.9883003,-104.7819977
1138,0,39.9883003,-104.7509995
1139,0,39.9883003,-104.7200012
1140,0,39.9883003,-104.6890030
1141,0,39.9883003,-104.6579971
1142,0,39.9883003,-104.6269989
1143,0,39.9883003,-104.5970001
1144,0,39.9883003,-104.5660019
1145,0,39.9883003,-104.5350037
1146,0,39.9883003,-104.5039978
1147,0,39.9883003,-104.4729996
1148,0,39.9883003,-104.4420013
1149,0,39.9883003,-104.4110031
1150,0,39.9883003,-104.3799973
1151,0,39.9883003,-104.3489990
1152,0,39.9883003,-104.3180008
1153,0,40.0191994,-105.7720032
1154,0,40.0191994,-105.7409973
1155,0,40.0191994,-105.7099991
1156,0,40.0191994,-105.6790009
1157,0,40.0191994,-105.6480026
1158,0,40.0191994,-105.6169968
1159,0,40.0191994,-105.5859985
1160,0,40.0191994,-105.5550003
1161,0,40.0191994,-105.5240021
1162,0,40.0191994,-105.4929962
1163,0,40.0191994,-105.4619980
1164,0,40.0191994,-105.4319992
1165,0,40.0191994,-105.4010010
1166,0,40.0191994,-105.3700027
1167,0,40.0191994,-105.3389969
1168,0,40.0191994,-105.3079987
1169,0,40.0191994,-105.2770004
1170,0,40.0191994,-105.2460022
1171,0,40.0191994,-105.2149963
1172,0,40.0191994,-105.1839981
1173,0,40.0191994,-105.1529999
1174,0,40.0191994,-105.1220016
1175,0,40.0191994,-105.0910034
1176,0,40.0191994,-105.0599976
1177,0,40.0191994,-105.0289993
1178,0,40.0191994,-104.9990005
1179,0,40.0191994,-104.9680023
1180,0,40.0191994,-104.9369965
1181,0,40.0191994,-104.9059982
1182,0,40.0191994,-104.8750000
1183,0,40.0191994,-104.8440018
1184,0,40.0191994,-104.8130035
1185,0,40.0191994,-104.7819977
1186,0,40.0191994,-104.7509995
1187,0,40.0191994,-104.7200012
1188,0,40.0191994,-104.6890030
1189,0,40.0191994,-104.6579971
1190,0,40.0191994,-104.6269989
1191,0,40.0191994,-104.5970001
1192,0,40.0191994,-104.5660019
1193,0,40.0191994,-104.5350037
1194,0,40.0191994,-104.5039978
1195,0,40.0191994,-104.4729996
1196,0,40.0191994,-104.4420013
1197,0,40.0191994,-104.4110031
1198,0,40.0191994,-104.3799973
1199,0,40.0191994,-104.3489990
1200,0,40.0191994,-104.3180008
1201,0,40.0500984,-105.7720032
1202,0,40.0500984,-105.7409973
1203,0,40.0500984,-105.7099991
1204,0,40.0500984,-105.6790009
1205,0,40.0500984,-105.6480026
1206,0,40.0500984,-105.6169968
1207,0,40.0500984,-105.5859985
1208,0,40.0500984,-105.5550003
1209,0,40.0500984,-105.5240021
1210,0,40.0500984,-105.4929962
1211,0,40.0500984,-105.4619980
1212,0,40.0500984,-105.4319992
1213,0,40.0500984,-105.4010010
1214,0,40.0500984,-105.3700027
1215,0,40.0500984,-105.3389969
1216,0,40.0500984,-105.3079987
1217,0,40.0500984,-105.2770004
1218,0,40.0500984,-105.2460022
1219,0,40.0500984,-105.2149963
1220,0,40.0500984,-105.1839981
1221,0,40.0500984,-105.1529999
1222,0,40.0500984,-105.1220016
1223,0,40.0500984,-105.0910034
1224,0,40.0500984,-105.0599976
1225,0,40.0500984,-105.0289993
1226,0,40.0500984,-104.9990005
1227,0,40.0500984,-104.9680023
1228,0,40.0500984,-104.9369965
1229,0,40.0500984,-104.9059982
1230,0,40.0500984,-104.8750000
1231,0,40.0500984,-104.8440018
1232,0,40.0500984,-104.8130035
1233,0,40.0500984,-104.7819977
1234,0,40.0500984,-104.7509995
1235,0,40.0500984,-104.7200012
1236,0,40.0500984,-104.6890030
1237,0,40.0500984,-104.6579971
1238,0,40.0500984,-104.6269989
1239,0,40.0500984,-104.5970001
1240,0,40.0500984,-104.5660019
1241,0,40.0500984,-104.5350037
1242,0,40.0500984,-104.5039978
1243,0,40.0500984,-104.4729996
1244,0,40.0500984,-104.4420013
1245,0,40.0500984,-104.4110031
1246,0,40.0500984,-104.3799973
1247,0,40.0500984,-104.3489990
1248,0,40.0500984,-104.3180008
1249,0,40.0811005,-105.7720032
1250,0,40.0811005,-105.7409973
1251,0,40.0811005,-105.7099991
1252,0,40.0811005,-105.6790009
1253,0,40.0811005,-105.6480026
1254,0,40.0811005,-105.6169968
1255,0,40.0811005,-105.5859985
1256,0,40.0811005,-105.5550003
1257,0,40.0811005,-105.5240021
1258,0,40.0811005,-105.4929962
1259,0,40.0811005,-105.4619980
1260,0,40.0811005,-105.4319992
1261,0,40.0811005,-105.4010010
1262,0,40.0811005,-105.3700027
1263,0,40.0811005,-105.3389969
1264,0,40.0811005,-105.3079987
1265,0,40.0811005,-105.2770004
1266,0,40.0811005,-105.2460022
1267,0,40.0811005,-105.2149963
1268,0,40.0811005,-105.1839981
1269,0,40.0811005,-105.1529999
1270,0,40.0811005,-105.1220016
1271,0,40.0811005,-105.0910034
1272,0,40.0811005,-105.0599976
1273,0,40.0811005,-105.0289993
1274,0,40.0811005,-104.9990005
1275,0,40.0811005,-104.9680023
1276,0,40.0811005,-104.9369965
1277,0,40.0811005,-104.9059982
1278,0,40.0811005,-104.8750000
1279,0,40.0811005,-104.8440018
1280,0,40.0811005,-104.8130035
1281,0,40.0811005,-104.7819977
1282,0,40.0811005,-104.7509995
1283,0,40.0811005,-104.7200012
1284,0,40.0811005,-104.6890030
1285,0,40.0811005,-104.6579971
1286,0,40.0811005,-104.6269989
1287,0,40.0811005,-104.5970001
1288,0,40.0811005,-104.5660019
1289,0,40.0811005,-104.5350037
1290,0,40.0811005,-104.5039978
1291,0,40.0811005,-104.4729996
1292,0,40.0811005,-104.4420013
1293,0,40.0811005,-104.4110031
1294,0,40.0811005,-104.3799973
1295,0,40.0811005,-104.3489990
1296,0,40.0811005,-104.3180008
1297,0,40.1119995,-105.7720032
1298,0,40.1119995,-105.7409973
1299,0,40.1119995,-105.7099991
1300,0,40.1119995,-105.6790009
1301,0,40.1119995,-105.6480026
1302,0,40.1119995,-105.6169968
1303,0,40.1119995,-105.5859985
1304,0,40.1119995,-105.5550003
1305,0,40.1119995,-105.5240021
1306,0,40.1119995,-105.4929962
1307,0,40.1119995,-105.4619980
1308,0,40.1119995,-105.4319992
1309,0,40.1119995,-105.4010010
1310,0,40.1119995,-105.3700027
1311,0,40.1119995,-105.3389969
1312,0,40.1119995,-105.3079987
1313,0,40.1119995,-105.2770004
1314,0,40.1119995,-105.2460022
1315,0,40.1119995,-105.2149963
1316,0,40.1119995,-105.1839981
1317,0,40.1119995,-105.1529999
1318,0,40.1119995,-105.1220016
1319,0,40.1119995,-105.0910034
1320,0,40.1119995,-105.0599976
1321,0,40.1119995,-105.0289993
1322,0,40.1119995,-104.9990005
1323,0,40.1119995,-104.9680023
1324,0,40.1119995,-104.9369965
1325,0,40.1119995,-104.9059982
1326,0,40.1119995,-104.8750000
1327,0,40.1119995,-104.8440018
1328,0,40.1119995,-104.8130035
1329,0,40.1119995,-104.7819977
1330,0,40.1119995,-104.7509995
1331,0,40.1119995,-104.7200012
1332,0,40.1119995,-104.6890030
1333,0,40.1119995,-104.6579971
1334,0,40.1119995,-104.6269989
1335,0,40.1119995,-104.5970001
1336,0,40.1119995,-104.5660019
1337,0,40.1119995,-104.5350037
1338,0,40.1119995,-104.5039978
1339,0,40.1119995,-104.4729996
1340,0,40.1119995,-104.4420013
1341,0,40.1119995,-104.4110031
1342,0,40.1119995,-104.3799973
1343,0,40.1119995,-104.3489990
1344,0,40.1119995,-104.3180008
1345,0,40.1428986,-105.7720032
1346,0,40.1428986,-105.7409973
1347,0,40.1428986,-105.7099991
1348,0,40.1428986,-105.6790009
1349,0,40.1428986,-105.6480026
1350,0,40.1428986,-105.6169968
1351,0,40.1428986,-105.5859985
1352,0,40.1428986,-105.5550003
1353,0,40.1428986,-105.5240021
1354,0,40.1428986,-105.4929962
1355,0,40.1428986,-105.4619980
1356,0,40.1428986,-105.4319992
1357,0,40.1428986,-105.4010010
1358,0,40.1428986,-105.3700027
1359,0,40.1428986,-105.3389969
1360,0,40.1428986,-105.3079987
1361,0,40.1428986,-105.2770004
1362,0,40.1428986,-105.2460022
1363,0,40.1428986,-105.2149963
1364,0,40.1428986,-105.1839981
1365,0,40.1428986,-105.1529999
1366,0,40.1428986,-105.1220016
1367,0,40.1428986,-105.0910034
1368,0,40.1428986,-105.0599976
1369,0,40.1428986,-105.0289993
1370,0,40.1428986,-104.9990005
1371,0,40.1428986,-104.9680023
1372,0,40.1428986,-104.9369965
1373,0,40.1428986,-104.9059982
1374,0,40.1428986,-104.8750000
1375,0,40.1428986,-104.8440018
1376,0,40.1428986,-104.8130035
1377,0,40.1428986,-104.7819977
1378,0,40.1428986,-104.7509995
1379,0,40.1428986,-104.7200012
1380,0,40.1428986,-104.6890030
1381,0,40.1428986,-104.6579971
1382,0,40.1428986,-104.6269989
1383,0,40.1428986,-104.5970001
1384,0,40.1428986,-104.5660019
1385,0,40.1428986,-104.5350037
1386,0,40.1428986,-104.5039978
1387,0,40.1428986,-104.4729996
1388,0,40.1428986,-104.4420013
1389,0,40.1428986,-104.4110031
1390,0,40.1428986,-104.3799973
1391,0,40.1428986,-104.3489990
1392,0,40.1428986,-104.3180008
1393,0,40.1738014,-105.7720032
1394,0,40.1738014,-105.7409973
1395,0,40.1738014,-105.7099991
1396,0,40.1738014,-105.6790009
1397,0,40.1738014,-105.6480026
1398,0,40.1738014,-105.6169968
1399,0,40.1738014,-105.5859985
1400,0,40.1738014,-105.5550003
1401,0,40.1738014,-105.5240021
1402,0,40.1738014,-105.4929962
1403,0,40.1738014,-105.4619980
1404,0,40.1738014,-105.4319992
1405,0,40.1738014,-105.4010010
1406,0,40.1738014,-105.3700027
1407,0,40.1738014,-105.3389969
1408,0,40.1738014,-105.3079987
1409,0,40.1738014,-105.2770004
1410,0,40.1738014,-105.2460022
1411,0,40.1738014,-105.2149963
1412,0,40.1738014,-105.1839981
1413,0,40.1738014,-105.1529999
1414,0,40.1738014,-105.1220016
1415,0,40.1738014,-105.0910034
1416,0,40.1738014,-105.0599976
1417,0,40.1738014,-105.0289993
1418,0,40.1738014,-104.9990005
1419,0,40.1738014,-104.9680023
1420,0,40.1738014,-104.9369965
1421,0,40.1738014,-104.9059982
1422,0,40.1738014,-104.8750000
1423,0,40.1738014,-104.8440018
1424,0,40.1738014,-104.8130035
1425,0,40.1738014,-104.7819977
1426,0,40.1738014,-104.7509995
1427,0,40.1738014,-104.7200012
1428,0,40.1738014,-104.6890030
1429,0,40.1738014,-104.6579971
1430,0,40.1738014,-104.6269989
1431,0,40.1738014,-104.5970001
1432,0,40.1738014,-104.5660019
1433,0,40.1738014,-104.5350037
1434,0,40.1738014,-104.5039978
1435,0,40.1738014,-104.4729996
1436,0,40.1738014,-104.4420013
1437,0,40.1738014,-104.4110031
1438,0,40.1738014,-104.3799973
1439,0,40.1738014,-104.3489990
1440,0,40.1738014,-104.3180008
1441,0,40.2047997,-105.7720032
1442,0,40.2047997,-105.7409973
1443,0,40.2047997,-105.7099991
1444,0,40.2047997,-105.6790009
1445,0,40.2047997,-105.6480026
1446,0,40.2047997,-105.6169968
1447,0,40.2047997,-105.5859985
1448,0,40.2047997,-105.5550003
1449,0,40.2047997,-105.5240021
1450,0,40.2047997,-105.4929962
1451,0,40.2047997,-105.4619980
1452,0,40.2047997,-105.4319992
1453,0,40.2047997,-105.4010010
1454,0,40.2047997,-105.3700027
1455,0,40.2047997,-105.3389969
1456,0,40.2047997,-105.3079987
1457,0,40.2047997,-105.2770004
1458,0,40.2047997,-105.2460022
1459,0,40.2047997,-105.2149963
1460,0,40.2047997,-105.1839981
1461,0,40.2047997,-105.1529999
1462,0,40.2047997,-105.1220016
1463,0,40.2047997,-105.0910034
1464,0,40.2047997,-105.0599976
1465,0,40.2047997,-105.0289993
1466,0,40.2047997,-104.9990005
1467,0,40.2047997,-104.9680023
1468,0,40.2047997,-104.9369965
1469,0,40.2047997,-104.9059982
1470,0,40.2047997,-104.8750000
1471,0,40.2047997,-104.8440018
1472,0,40.2047997,-104.8130035
1473,0,40.2047997,-104.7819977
1474,0,40.2047997,-104.7509995
1475,0,40.2047997,-104.7200012
1476,0,40.2047997,-104.6890030
1477,0,40.2047997,-104.6579971
1478,0,40.2047997,-104.6269989
1479,0,40.2047997,-104.5970001
1480,0,40.2047997,-104.5660019
1481,0,40.2047997,-104.5350037
1482,0,40.2047997,-104.5039978
1483,0,40.2047997,-104.4729996
1484,0,40.2047997,-104.4420013
1485,0,40.2047997,-104.4110031
1486,0,40.2047997,-104.3799973
1487,0,40.2047997,-104.3489990
1488,0,40.2047997,-104.3180008
1489,0,40.2356987,-105.7720032
1490,0,40.2356987,-105.7409973
1491,0,40.2356987,-105.7099991
1492,0,40.2356987,-105.6790009
1493,0,40.2356987,-105.6480026
1494,0,40.2356987,-105.6169968
1495,0,40.2356987,-105.5859985
1496,0,40.2356987,-105.5550003
1497,0,40.2356987,-105.5240021
1498,0,40.2356987,-105.4929962
1499,0,40.2356987,-105.4619980
1500,0,40.2356987,-105.4319992
1501,0,40.2356987,-105.4010010
1502,0,40.2356987,-105.3700027
1503,0,40.2356987,-105.3389969
1504,0,40.2356987,-105.3079987
1505,0,40.2356987,-105.2770004
1506,0,40.2356987,-105.2460022
1507,0,40.2356987,-105.2149963
1508,0,40.2356987,-105.1839981
1509,0,40.2356987,-105.1529999
1510,0,40.2356987,-105.1220016
1511,0,40.2356987,-105.0910034
1512,0,40.2356987,-105.0599976
1513,0,40.2356987,-105.0289993
1514,0,40.2356987,-104.9990005
1515,0,40.2356987,-104.9680023
1516,0,40.2356987,-104.9369965
1517,0,40.2356987,-104.9059982
1518,0,40.2356987,-104.8750000
1519,0,40.2356987,-104.8440018
1520,0,40.2356987,-104.8130035
1521,0,40.2356987,-104.7819977
1522,0,40.2356987,-104.7509995
1523,0,40.2356987,-104.7200012
1524,0,40.2356987,-104.6890030
1525,0,40.2356987,-104.6579971
1526,0,40.2356987,-104.6269989
1527,0,40.2356987,-104.5970001
1528,0,40.2356987,-104.5660019
1529,0,40.2356987,-104.5350037
1530,0,40.2356987,-104.5039978
1531,0,40.2356987,-104.4729996
1532,0,40.2356987,-104.4420013
1533,0,40.2356987,-104.4110031
1534,0,40.2356987,-104.3799973
1535,0,40.2356987,-104.3489990
1536,0,40.2356987,-104.3180008
1537,0,40.2666016,-105.7720032
1538,0,40.2666016,-105.7409973
1539,0,40.2666016,-105.7099991
1540,0,40.2666016,-105.6790009
1541,0,40.2666016,-105.6480026
1542,0,40.2666016,-105.6169968
1543,0,40.2666016,-105.5859985
1544,0,40.2666016,-105.5550003
1545,0,40.2666016,-105.5240021
1546,0,40.2666016,-105.4929962
1547,0,40.2666016,-105.4619980
1548,0,40.2666016,-105.4319992
1549,0,40.2666016,-105.4010010
1550,0,40.2666016,-105.3700027
1551,0,40.2666016,-105.3389969
1552,0,40.2666016,-105.3079987
1553,0,40.2666016,-105.2770004
1554,0,40.2666016,-105.2460022
1555,0,40.2666016,-105.2149963
1556,0,40.2666016,-105.1839981
1557,0,40.2666016,-105.1529999
1558,0,40.2666016,-105.1220016
1559,0,40.2666016,-105.0910034
1560,0,40.2666016,-105.0599976
1561,0,40.2666016,-105.0289993
1562,0,40.2666016,-104.9990005
1563,0,40.2666016,-104.9680023
1564,0,40.2666016,-104.9369965
1565,0,40.2666016,-104.9059982
1566,0,40.2666016,-104.8750000
1567,0,40.2666016,-104.8440018
1568,0,40.2666016,-104.8130035
1569,0,40.2666016,-104.7819977
1570,0,40.2666016,-104.7509995
1571,0,40.2666016,-104.7200012
1572,0,40.2666016,-104.6890030
1573,0,40.2666016,-104.6579971
1574,0,40.2666016,-104.6269989
1575,0,40.2666016,-104.5970001
1576,0,40.2666016,-104.5660019
1577,0,40.2666016,-104.5350037
1578,0,40.2666016,-104.5039978
1579,0,40.2666016,-104.4729996
1580,0,40.2666016,-104.4420013
1581,0,40.2666016,-104.4110031
1582,0,40.2666016,-104.3799973
1583,0,40.2666016,-104.3489990
1584,0,40.2666016,-104.3180008
1585,0,40.2975998,-105.7720032
1586,0,40.2975998,-105.7409973
1587,0,40.2975998,-105.7099991
1588,0,40.2975998,-105.6790009
1589,0,40.2975998,-105.6480026
1590,0,40.2975998,-105.6169968
1591,0,40.2975998,-105.5859985
1592,0,40.2975998,-105.5550003
1593,0,40.2975998,-105.5240021
1594,0,40.2975998,-105.4929962
1595,0,40.2975998,-105.4619980
1596,0,40.2975998,-105.4319992
1597,0,40.2975998,-105.4010010
1598,0,40.2975998,-105.3700027
1599,0,40.2975998,-105.3389969
1600,0,40.2975998,-105.3079987
1601,0,40.2975998,-105.2770004
1602,0,40.2975998,-105.2460022
1603,0,40.2975998,-105.2149963
1604,0,40.2975998,-105.1839981
1605,0,40.2975998,-105.1529999
1606,0,40.2975998,-105.1220016
1607,0,40.2975998,-105.0910034
1608,0,40.2975998,-105.0599976
1609,0,40.2975998,-105.0289993
1610,0,40.2975998,-104.9990005
1611,0,40.2975998,-104.9680023
1612,0,40.2975998,-104.9369965
1613,0,40.2975998,-104.9059982
1614,0,40.2975998,-104.8750000
1615,0,40.2975998,-104.8440018
1616,0,40.2975998,-104.8130035
1617,0,40.2975998,-104.7819977
1618,0,40.2975998,-104.7509995
1619,0,40.2975998,-104.7200012
1620,0,40.2975998,-104.6890030
1621,0,40.2975998,-104.6579971
1622,0,40.2975998,-104.6269989
1623,0,40.2975998,-104.5970001
1624,0,40.2975998,-104.5660019
1625,0,40.2975998,-104.5350037
1626,0,40.2975998,-104.5039978
1627,0,40.2975998,-104.4729996
1628,0,40.2975998,-104.4420013
1629,0,40.2975998,-104.4110031
1630,0,40.2975998,-104.3799973
1631,0,40.2975998,-104.3489990
1632,0,40.2975998,-104.3180008
